{"name":"37d4b9cd-6bca-412a-90b2-d62a4dbda07c","id":"/providers/Microsoft.Flow/flows/37d4b9cd-6bca-412a-90b2-d62a4dbda07c","type":"Microsoft.Flow/flows","properties":{"apiId":"/providers/Microsoft.PowerApps/apis/shared_logicflows","displayName":"Automatic Send Mail","definition":{"metadata":{"workflowEntityId":null,"flowclientsuspensionreason":"None","flowclientsuspensiontime":null,"creator":{"id":"dfe0a35e-d167-41e9-9ab0-aa7b5662c41e","type":"User","tenantId":"58fc9a98-71d5-447e-bbde-d36bfce9d5c3"},"provisioningMethod":"FromDefinition","failureAlertSubscription":true,"clientLastModifiedTime":"2021-04-04T09:32:50.3813725Z"},"$schema":"https://schema.management.azure.com/providers/Microsoft.Logic/schemas/2016-06-01/workflowdefinition.json#","contentVersion":"1.0.0.0","parameters":{"$connections":{"defaultValue":{},"type":"Object"},"$authentication":{"defaultValue":{},"type":"SecureObject"}},"triggers":{"Monthly":{"recurrence":{"frequency":"Month","interval":1,"timeZone":"W. Europe Standard Time","startTime":"2020-01-01T06:00:00Z"},"type":"Recurrence"}},"actions":{"License_Plate":{"runAfter":{"Number_of_days":["Succeeded"]},"metadata":{"flowSystemMetadata":{"swaggerOperationId":"ExecuteProcedure_V2"}},"type":"ApiConnection","inputs":{"host":{"connection":{"name":"@parameters('$connections')['shared_sql_1']['connectionId']"},"api":{"runtimeUrl":"https://flow-apim-europe-001-francecentral-01.azure-apim.net/apim/sql"}},"method":"post","body":{"employee":"@body('Get_Profile')?['mail']"},"path":"/v2/datasets/@{encodeURIComponent(encodeURIComponent('default'))},@{encodeURIComponent(encodeURIComponent('default'))}/procedures/@{encodeURIComponent(encodeURIComponent('[dbo].[getlicenseplate]'))}","authentication":"@parameters('$authentication')"}},"Get_Profile":{"runAfter":{},"metadata":{"flowSystemMetadata":{"swaggerOperationId":"MyProfile_V2"}},"type":"ApiConnection","inputs":{"host":{"connection":{"name":"@parameters('$connections')['shared_office365users_1']['connectionId']"},"api":{"runtimeUrl":"https://flow-apim-europe-001-northeurope-01.azure-apim.net/apim/office365users"}},"method":"get","path":"/codeless/v1.0/me","authentication":"@parameters('$authentication')"}},"Number_of_days":{"runAfter":{"Get_Profile":["Succeeded"]},"metadata":{"flowSystemMetadata":{"swaggerOperationId":"ExecuteProcedure_V2"}},"type":"ApiConnection","inputs":{"host":{"connection":{"name":"@parameters('$connections')['shared_sql_1']['connectionId']"},"api":{"runtimeUrl":"https://flow-apim-europe-001-francecentral-01.azure-apim.net/apim/sql"}},"method":"post","body":{"diff":1,"employee":"@body('Get_Profile')?['mail']"},"path":"/v2/datasets/@{encodeURIComponent(encodeURIComponent('default'))},@{encodeURIComponent(encodeURIComponent('default'))}/procedures/@{encodeURIComponent(encodeURIComponent('[dbo].[getdaysnumber]'))}","authentication":"@parameters('$authentication')"}},"Month_name":{"runAfter":{"License_Plate":["Succeeded"]},"metadata":{"flowSystemMetadata":{"swaggerOperationId":"ExecuteProcedure_V2"}},"type":"ApiConnection","inputs":{"host":{"connection":{"name":"@parameters('$connections')['shared_sql_1']['connectionId']"},"api":{"runtimeUrl":"https://flow-apim-europe-001-francecentral-01.azure-apim.net/apim/sql"}},"method":"post","body":{"diff":1,"format":"de-de"},"path":"/v2/datasets/@{encodeURIComponent(encodeURIComponent('default'))},@{encodeURIComponent(encodeURIComponent('default'))}/procedures/@{encodeURIComponent(encodeURIComponent('[dbo].[getmonth]'))}","authentication":"@parameters('$authentication')"}},"List_of_days":{"runAfter":{"Month_name":["Succeeded"]},"metadata":{"flowSystemMetadata":{"swaggerOperationId":"ExecuteProcedure_V2"}},"type":"ApiConnection","inputs":{"host":{"connection":{"name":"@parameters('$connections')['shared_sql_1']['connectionId']"},"api":{"runtimeUrl":"https://flow-apim-europe-001-francecentral-01.azure-apim.net/apim/sql"}},"method":"post","body":{"diff":1,"employee":"@body('Get_Profile')?['mail']","format":"de-de"},"path":"/v2/datasets/@{encodeURIComponent(encodeURIComponent('default'))},@{encodeURIComponent(encodeURIComponent('default'))}/procedures/@{encodeURIComponent(encodeURIComponent('[dbo].[getdaysinofficeall]'))}","authentication":"@parameters('$authentication')"}},"Create_HTML-Table":{"runAfter":{"List_of_days":["Succeeded"]},"type":"Table","inputs":{"from":"@body('List_of_days')?['resultsets']?['Table1']","format":"HTML","columns":[{"header":"","value":"@item()?['atOffice']"}]}},"Auf_alle_anwenden":{"foreach":"@body('Number_of_days')?['resultsets']?['Table1']","actions":{"Auf_alle_anwenden_2":{"foreach":"@body('License_Plate')?['resultsets']?['Table1']","actions":{"Auf_alle_anwenden_3":{"foreach":"@body('Month_name')?['resultsets']?['Table1']","actions":{"Send_Mail":{"runAfter":{},"metadata":{"flowSystemMetadata":{"swaggerOperationId":"SendEmailV2"}},"type":"ApiConnection","inputs":{"host":{"connection":{"name":"@parameters('$connections')['shared_office365']['connectionId']"},"api":{"runtimeUrl":"https://flow-apim-europe-001-westeurope-01.azure-apim.net/apim/office365"}},"method":"post","body":{"To":"@body('Get_Profile')?['mail']","Subject":"Meldung der Fahrten Wohnung / Arbeitsstätte für den Monat @{items('Auf_alle_anwenden_3')?['month']}","Body":"<p>Hallo Sabine,<br>\nfür den o.g. Monat müssen an @{items('Auf_alle_anwenden')?['Numberofdays']} Tagen für mein Firmenfahrzeug mit dem Kennzeichen: @{items('Auf_alle_anwenden_2')?['license_plate_number']}<br>\ndie Fahrten zwischen Wohnung und Arbeitsstätte versteuert werden.<br>\nNachfolgend eine Auflistung der einzelnen Fahrten:<br>\n@{body('Create_HTML-Table')}<br>\n<br>\n<br>\nFreundliche Grüße<br>\n@{body('Get_Profile')?['displayName']}</p>"},"path":"/v2/Mail","authentication":"@parameters('$authentication')"}}},"runAfter":{},"type":"Foreach"}},"runAfter":{},"type":"Foreach"}},"runAfter":{"Create_HTML-Table":["Succeeded"]},"type":"Foreach"}},"outputs":{}},"connectionReferences":{"shared_sql_1":{"connectionName":"shared-sql-bb10dd8c-bfd3-4f4b-8555-b3b6da4f9907","source":"Embedded","id":"/providers/Microsoft.PowerApps/apis/shared_sql","tier":"NotSpecified"},"shared_office365users_1":{"connectionName":"shared-office365user-2e8b14b5-b23f-4685-84f5-3a09f1fc80e9","source":"Embedded","id":"/providers/Microsoft.PowerApps/apis/shared_office365users","tier":"NotSpecified"},"shared_office365":{"connectionName":"shared-office365-09398c63-fc83-4403-84c1-d3c4ef7f827b","source":"Embedded","id":"/providers/Microsoft.PowerApps/apis/shared_office365","tier":"NotSpecified"}},"flowFailureAlertSubscribed":false}}