{"name":"a0c6ddd3-9865-449f-a526-49c805f19a9e","id":"/providers/Microsoft.Flow/flows/a0c6ddd3-9865-449f-a526-49c805f19a9e","type":"Microsoft.Flow/flows","properties":{"apiId":"/providers/Microsoft.PowerApps/apis/shared_logicflows","displayName":"Day in office","definition":{"metadata":{"workflowEntityId":null,"flowclientsuspensionreason":"None","flowclientsuspensiontime":null,"creator":{"id":"dfe0a35e-d167-41e9-9ab0-aa7b5662c41e","type":"User","tenantId":"58fc9a98-71d5-447e-bbde-d36bfce9d5c3"},"provisioningMethod":"FromDefinition","failureAlertSubscription":true,"clientLastModifiedTime":"2021-04-04T10:06:29.6032983Z"},"$schema":"https://schema.management.azure.com/providers/Microsoft.Logic/schemas/2016-06-01/workflowdefinition.json#","contentVersion":"1.0.0.0","parameters":{"$connections":{"defaultValue":{},"type":"Object"},"$authentication":{"defaultValue":{},"type":"SecureObject"}},"triggers":{"manual":{"type":"Request","kind":"Button","inputs":{"schema":{"type":"object","properties":{"key-button-date":{"type":"string","x-ms-dynamically-added":false}},"required":["key-button-date"]}}}},"actions":{"Get_profile":{"runAfter":{},"metadata":{"flowSystemMetadata":{"swaggerOperationId":"MyProfile_V2"}},"type":"ApiConnection","inputs":{"host":{"connection":{"name":"@json(decodeBase64(triggerOutputs().headers['X-MS-APIM-Tokens']))['$connections']['shared_office365users_1']['connectionId']"},"api":{"runtimeUrl":"https://flow-apim-europe-001-northeurope-01.azure-apim.net/apim/office365users"}},"method":"get","path":"/codeless/v1.0/me","authentication":{"type":"Raw","value":"@json(decodeBase64(triggerOutputs().headers['X-MS-APIM-Tokens']))['$ConnectionKey']"}}},"Send_me_a_mobile_notification":{"runAfter":{"Set_day_in_office_based_on_date":["Succeeded"]},"metadata":{"flowSystemMetadata":{"swaggerOperationId":"SendNotification"}},"type":"ApiConnection","inputs":{"host":{"connection":{"name":"@json(decodeBase64(triggerOutputs().headers['X-MS-APIM-Tokens']))['$connections']['shared_flowpush_1']['connectionId']"},"api":{"runtimeUrl":"https://flow-apim-europe-001-francecentral-01.azure-apim.net/apim/flowpush"}},"method":"post","body":{"notificationText":"Day entered successfully "},"path":"/sendNotification","authentication":{"type":"Raw","value":"@json(decodeBase64(triggerOutputs().headers['X-MS-APIM-Tokens']))['$ConnectionKey']"}}},"Set_day_in_office_based_on_date":{"runAfter":{"Get_profile":["Succeeded"]},"metadata":{"flowSystemMetadata":{"swaggerOperationId":"ExecuteProcedure_V2"}},"type":"ApiConnection","inputs":{"host":{"connection":{"name":"@json(decodeBase64(triggerOutputs().headers['X-MS-APIM-Tokens']))['$connections']['shared_sql']['connectionId']"},"api":{"runtimeUrl":"https://flow-apim-europe-001-francecentral-01.azure-apim.net/apim/sql"}},"method":"post","body":{"employee":"@body('Get_profile')?['mail']","office_date":"@{utcNow()}"},"path":"/v2/datasets/@{encodeURIComponent(encodeURIComponent('default'))},@{encodeURIComponent(encodeURIComponent('default'))}/procedures/@{encodeURIComponent(encodeURIComponent('[dbo].[setdayinoffice]'))}","authentication":{"type":"Raw","value":"@json(decodeBase64(triggerOutputs().headers['X-MS-APIM-Tokens']))['$ConnectionKey']"}}}},"outputs":{}},"connectionReferences":{"shared_office365users_1":{"connectionName":"shared-office365user-2e8b14b5-b23f-4685-84f5-3a09f1fc80e9","source":"Invoker","id":"/providers/Microsoft.PowerApps/apis/shared_office365users","tier":"NotSpecified"},"shared_flowpush_1":{"connectionName":"shared-flowpush-dda88d2b-3523-446b-bd0a-d2520216296d","source":"Invoker","id":"/providers/Microsoft.PowerApps/apis/shared_flowpush","tier":"NotSpecified"},"shared_sql":{"connectionName":"shared-sql-bb10dd8c-bfd3-4f4b-8555-b3b6da4f9907","source":"Embedded","id":"/providers/Microsoft.PowerApps/apis/shared_sql","tier":"NotSpecified"}},"flowFailureAlertSubscribed":false}}